{
  "mf": {
    "num_proteins": 3416,
    "num_terms": 489,
    "avg_labels_per_protein": 8.875878,
    "legacy_protein_Fmax": 0.622606,
    "legacy_protein_AUPR": 0.167899,
    "cafa_Fmax": 0.634263,
    "cafa_threshold": 0.648,
    "cafa_precision": 0.760868,
    "cafa_recall": 0.54378,
    "cafa_coverage": 0.9476,
    "weighted_Fmax": 0.617168,
    "weighted_threshold": 0.648,
    "weighted_precision": 0.754376,
    "weighted_recall": 0.522191,
    "Smin": 20.782477,
    "Smin_threshold": 0.444,
    "remaining_uncertainty": 19.72858,
    "misinformation": 6.5341,
    "micro_AUPR": 0.632042,
    "macro_AUPR": 0.606419,
    "nDCG@10": 0.723927,
    "MAP": 0.656083,
    "P2G_P@1": 0.819672,
    "P2G_R@1": 0.149486,
    "P2G_P@5": 0.641686,
    "P2G_R@5": 0.474735,
    "P2G_P@10": 0.480913,
    "P2G_R@10": 0.624173
  },
  "bp": {
    "num_proteins": 3416,
    "num_terms": 1943,
    "avg_labels_per_protein": 65.147247,
    "legacy_protein_Fmax": 0.463229,
    "legacy_protein_AUPR": 0.194286,
    "cafa_Fmax": 0.464267,
    "cafa_threshold": 0.371,
    "cafa_precision": 0.532097,
    "cafa_recall": 0.411775,
    "cafa_coverage": 0.997658,
    "weighted_Fmax": 0.435282,
    "weighted_threshold": 0.371,
    "weighted_precision": 0.506846,
    "weighted_recall": 0.381426,
    "Smin": 253.793161,
    "Smin_threshold": 0.643,
    "remaining_uncertainty": 242.5457,
    "misinformation": 74.716476,
    "micro_AUPR": 0.323422,
    "macro_AUPR": 0.284892,
    "nDCG@10": 0.701399,
    "MAP": 0.46553,
    "P2G_P@1": 0.788934,
    "P2G_R@1": 0.033184,
    "P2G_P@5": 0.730503,
    "P2G_R@5": 0.132491,
    "P2G_P@10": 0.655708,
    "P2G_R@10": 0.218377
  },
  "cc": {
    "num_proteins": 3416,
    "num_terms": 320,
    "avg_labels_per_protein": 11.709017,
    "legacy_protein_Fmax": 0.535884,
    "legacy_protein_AUPR": 0.270938,
    "cafa_Fmax": 0.538986,
    "cafa_threshold": 0.11,
    "cafa_precision": 0.557162,
    "cafa_recall": 0.521959,
    "cafa_coverage": 0.99356,
    "weighted_Fmax": 0.513065,
    "weighted_threshold": 0.11,
    "weighted_precision": 0.536171,
    "weighted_recall": 0.491869,
    "Smin": 40.454521,
    "Smin_threshold": 0.361,
    "remaining_uncertainty": 38.193867,
    "misinformation": 13.334046,
    "micro_AUPR": 0.421361,
    "macro_AUPR": 0.36281,
    "nDCG@10": 0.656229,
    "MAP": 0.56947,
    "P2G_P@1": 0.748536,
    "P2G_R@1": 0.164837,
    "P2G_P@5": 0.545316,
    "P2G_R@5": 0.402223,
    "P2G_P@10": 0.435246,
    "P2G_R@10": 0.545621
  }
}
