{
  "checkpoint": "experiments/hyp_ssf_probe/checkpoints/best_ESM2-650M-FT-BCE.pt",
  "esm_model": "facebook/esm2_t33_650M_UR50D",
  "label": "ESM2-650M-FT-BCE",
  "loss": "bce",
  "validation": {
    "Fmax": 0.349422,
    "protein_AUPR": 0.049963,
    "macro_AUPR": 0.326028,
    "wFmax": 0.339684,
    "nDCG@10": 0.506418,
    "MAP": 0.477957,
    "P2G_R@1": 0.135808,
    "P2G_P@1": 0.399935,
    "P2G_R@5": 0.348328,
    "P2G_P@5": 0.275663,
    "P2G_R@10": 0.442621,
    "P2G_P@10": 0.200884
  },
  "test": {
    "Fmax": 0.320554,
    "protein_AUPR": 0.092285,
    "macro_AUPR": 0.24601,
    "wFmax": 0.299744,
    "nDCG@10": 0.385017,
    "MAP": 0.334483,
    "P2G_R@1": 0.066445,
    "P2G_P@1": 0.449348,
    "P2G_R@5": 0.225138,
    "P2G_P@5": 0.347242,
    "P2G_R@10": 0.324938,
    "P2G_P@10": 0.273587
  }
}