{
  "Fmax": 0.190254,
  "AUPR": 0.061075,
  "wFmax": 0.170867,
  "nDCG@10": 0.243843,
  "MAP": 0.197388,
  "macro_AUPR": 0.135086,
  "P2G_R@1": 0.046734,
  "P2G_P@1": 0.308592,
  "P2G_R@5": 0.145108,
  "P2G_P@5": 0.21558,
  "P2G_R@10": 0.208519,
  "P2G_P@10": 0.164995,
  "G2P_R@1": 0.022858,
  "G2P_P@1": 0.437759,
  "G2P_R@5": 0.063803,
  "G2P_P@5": 0.317427,
  "G2P_R@10": 0.092626,
  "G2P_P@10": 0.255809,
  "best_val_Fmax": 0.213332,
  "loss": "multipos_infonce",
  "batch_size": 1024,
  "seed": 0
}