{
  "Fmax": 0.164825,
  "AUPR": 0.065948,
  "wFmax": 0.146707,
  "nDCG@10": 0.183202,
  "MAP": 0.177997,
  "macro_AUPR": 0.141279,
  "P2G_R@1": 0.031506,
  "P2G_P@1": 0.200267,
  "P2G_R@5": 0.10713,
  "P2G_P@5": 0.153059,
  "P2G_R@10": 0.169664,
  "P2G_P@10": 0.12999,
  "G2P_R@1": 0.019899,
  "G2P_P@1": 0.354772,
  "G2P_R@5": 0.066292,
  "G2P_P@5": 0.274274,
  "G2P_R@10": 0.098061,
  "G2P_P@10": 0.222199,
  "best_val_Fmax": 0.172572,
  "loss": "pair_infonce",
  "batch_size": 2048,
  "seed": 0
}