{
  "Fmax": 0.172167,
  "AUPR": 0.053018,
  "wFmax": 0.150511,
  "nDCG@10": 0.222928,
  "MAP": 0.148278,
  "macro_AUPR": 0.049393,
  "P2G_R@1": 0.049788,
  "P2G_P@1": 0.353394,
  "P2G_R@5": 0.134978,
  "P2G_P@5": 0.184955,
  "P2G_R@10": 0.19674,
  "P2G_P@10": 0.135473,
  "G2P_R@1": 0.002779,
  "G2P_P@1": 0.099585,
  "G2P_R@5": 0.009487,
  "G2P_P@5": 0.078423,
  "G2P_R@10": 0.018588,
  "G2P_P@10": 0.072407,
  "best_val_Fmax": 0.200846,
  "loss": "full_multipos_infonce",
  "batch_size": 1024,
  "seed": 0
}