{
  "Fmax": 0.175125,
  "AUPR": 0.069952,
  "wFmax": 0.158574,
  "nDCG@10": 0.189355,
  "MAP": 0.182886,
  "macro_AUPR": 0.132086,
  "P2G_R@1": 0.030685,
  "P2G_P@1": 0.192243,
  "P2G_R@5": 0.110102,
  "P2G_P@5": 0.157472,
  "P2G_R@10": 0.181474,
  "P2G_P@10": 0.137479,
  "G2P_R@1": 0.017254,
  "G2P_P@1": 0.340249,
  "G2P_R@5": 0.059688,
  "G2P_P@5": 0.257261,
  "G2P_R@10": 0.087733,
  "G2P_P@10": 0.216598,
  "best_val_Fmax": 0.175178,
  "loss": "pair_infonce",
  "batch_size": 256,
  "seed": 0
}