{
  "Fmax": 0.622606,
  "AUPR": 0.167899,
  "wFmax": 0.604996,
  "nDCG@10": 0.723933,
  "MAP": 0.656094,
  "P2G_R@1": 0.149486,
  "P2G_P@1": 0.819672,
  "P2G_R@5": 0.474758,
  "P2G_P@5": 0.641745,
  "P2G_R@10": 0.624173,
  "P2G_P@10": 0.480913,
  "G2P_R@1": 0.070587,
  "G2P_P@1": 0.913043,
  "G2P_R@5": 0.223683,
  "G2P_P@5": 0.832298,
  "G2P_R@10": 0.331045,
  "G2P_P@10": 0.745549
}