{
  "Fmax": 0.209606,
  "AUPR": 0.09106,
  "wFmax": 0.191692,
  "nDCG@10": 0.226247,
  "MAP": 0.21697,
  "P2G_R@1": 0.031467,
  "P2G_P@1": 0.219659,
  "P2G_R@5": 0.126431,
  "P2G_P@5": 0.193514,
  "P2G_R@10": 0.210928,
  "P2G_P@10": 0.17108,
  "G2P_R@1": 0.020527,
  "G2P_P@1": 0.321577,
  "G2P_R@5": 0.064853,
  "G2P_P@5": 0.275934,
  "G2P_R@10": 0.091458,
  "G2P_P@10": 0.230498
}