{
  "Fmax": 0.463229,
  "AUPR": 0.194286,
  "wFmax": 0.432831,
  "nDCG@10": 0.701458,
  "MAP": 0.465586,
  "P2G_R@1": 0.033218,
  "P2G_P@1": 0.789227,
  "P2G_R@5": 0.132524,
  "P2G_P@5": 0.730738,
  "P2G_R@10": 0.218378,
  "P2G_P@10": 0.655738,
  "G2P_R@1": 0.023866,
  "G2P_P@1": 0.718637,
  "G2P_R@5": 0.090512,
  "G2P_P@5": 0.641404,
  "G2P_R@10": 0.140113,
  "G2P_P@10": 0.560609
}