{
  "Fmax": 0.535884,
  "AUPR": 0.270937,
  "wFmax": 0.501935,
  "nDCG@10": 0.656229,
  "MAP": 0.56947,
  "P2G_R@1": 0.164837,
  "P2G_P@1": 0.748536,
  "P2G_R@5": 0.402223,
  "P2G_P@5": 0.545316,
  "P2G_R@10": 0.545621,
  "P2G_P@10": 0.435246,
  "G2P_R@1": 0.048236,
  "G2P_P@1": 0.747634,
  "G2P_R@5": 0.124601,
  "G2P_P@5": 0.64795,
  "G2P_R@10": 0.178416,
  "G2P_P@10": 0.586751
}