{
  "Fmax": 0.187897,
  "AUPR": 0.084042,
  "wFmax": 0.167101,
  "nDCG@10": 0.183291,
  "MAP": 0.187214,
  "P2G_R@1": 0.025147,
  "P2G_P@1": 0.171515,
  "P2G_R@5": 0.101765,
  "P2G_P@5": 0.15346,
  "P2G_R@10": 0.174604,
  "P2G_P@10": 0.141692,
  "G2P_R@1": 0.016654,
  "G2P_P@1": 0.286307,
  "G2P_R@5": 0.052904,
  "G2P_P@5": 0.242739,
  "G2P_R@10": 0.083737,
  "G2P_P@10": 0.211826
}